word,frequency
indonesia,115
kiai,89
kota,64
surabaya,61
jalan,60
rp,59
hadir,58
hukum,58
bangsaonlinecom,55
warga,50
negara,49
masyarakat,49
gus,47
diri,46
rumah,46
presiden,46
milik,46
iran,45
langsung,45
asep,44
dunia,44
salah,43
sehat,43
kuat,42
israel,42
bangun,41
santri,41
makan,41
korban,41
pesantren,40
nu,40
kh,40
pizza,40
layan,40
cepat,40
bantu,39
harga,38
yahya,38
gelar,37
bangsaonline,36
temu,36
timur,36
pilih,36
angin,36
klaim,36
ketua,35
sakit,35
tim,34
terima,34
program,34
bangsa,34
laku,34
penuh,33
orang,33
acara,33
lengkap,32
hasil,32
pimpin,32
kepala,32
main,32
restoran,32
tingkat,32
serta,32
dukung,32
tanah,32
kali,32
perintah,31
informasi,31
iphone,30
kerja,30
nomor,29
nama,29
trump,29
kabupaten,29
islam,29
pasta,29
satu,28
jawa,28
italia,28
menteri,28
masuk,28
rabu,28
kenal,28
sesuai,27
usaha,27
motor,27
arah,27
giat,27
amerika,27
wib,27
jadi,27
ubud,27
mamdani,26
al,26
utama,26
lokasi,25
guru,25
harap,25
sebut,25
tangan,25
nilai,25
proses,25
rhoma,25
kait,25
nasional,25
baik,24
ingat,24
resmi,24
menang,24
didik,24
bawa,24
the,23
tuban,23
kalah,23
negeri,23
mbg,23
aku,23
tinggal,22
suhu,22
menu,22
nabi,22
pondok,22
ulama,22
tafsir,22
dr,22
serikat,22
kg,22
imam,22
turnamen,21
butuh,21
global,21
daya,21
turun,21
baterai,21
suasana,21
hari,21
ajar,21
nyata,20
kualitas,20
pbnu,20
desa,20
mudah,20
kantor,20
keluarga,20
ribu,20
daftar,20
cuaca,20
duga,20
proyek,20
wali,20
c,19
budaya,19
urus,19
sekolah,19
ghazali,19
malang,19
jakarta,19
stroller,19
pwi,19
cari,19
lapor,19
batu,19
luas,19
buka,19
kuliner,18
isi,18
kembang,18
uang,18
tekan,18
prabowo,18
sedia,18
perhati,18
penting,18
ms,18
putra,18
saudi,18
ikut,18
kunjung,18
pancasila,18
tarik,18
muda,17
daerah,17
hidup,17
tulis,17
anak,17
internasional,17
jaga,17
september,17
bentuk,17
politik,17
kunci,17
pusat,17
sedekah,17
agama,17
provinsi,17
tambah,17
pasuruan,17
laksana,16
dokumen,16
masud,16
wisatawan,16
prof,16
mati,16
aman,16
ubah,16
capai,16
manfaat,16
wakil,16
kendara,15
pt,15
alam,15
kondisi,15
tokoh,15
zionis,15
senin,15
baca,15
abdul,15
muncul,15
perang,15
mojokerto,15
tonton,15
anggap,15
muslim,15
tampil,15
nyaman,15
maulid,15
adnan,15
desain,15
sosial,15
fasilitas,15
bpjs,15
foto,15
sejarah,15
universitas,15
bupati,15
digital,15
dinas,15
tebang,15
ekonomi,14
surya,14
produk,14
final,14
york,14
new,14
hubung,14
siswa,14
investasi,14
pesan,14
pasar,14
dalam,14
dasar,14
tindak,14
gemar,14
muhammad,14
chalim,14
besar,14
posisi,14
selamat,14
bahas,14
ambil,13
amanatul,13
kelola,13
lipat,13
ummah,13
cocok,13
neraka,13
runtuh,13
media,13
terang,13
henti,13
jabat,13
teknologi,13
said,13
alami,13
bayar,13
obat,13
,13
pungkas,13
catat,13
doa,13
musibah,13
tulungagung,13
aka,13
kawasan,13
beras,12
tangkap,12
mustain,12
data,12
palestina,12
adat,12
classe,12
ruang,12
serah,12
semangat,12
unit,12
dewan,12
zohran,12
saw,12
modern,12
unjung,12
selasa,12
status,12
aju,12
surat,12
tentu,12
layar,12
anggota,12
papar,12
wilayah,12
tanding,12
raya,12
dampak,12
international,12
olahraga,12
kena,11
shalawat,11
ma,11
tenaga,11
ratus,11
wisata,11
angka,11
wa,11
panas,11
dagang,11
m,11
cinta,11
lomba,11
barat,11
autentik,11
strategis,11
lawan,11
bicara,11
hormat,11
bela,11
ampel,11
gizi,11
khusus,11
ambruk,11
juang,11
teknis,11
sambut,11
latih,11
layak,11
buku,11
favorit,11
tahap,11
bukti,11
nasi,11
kelas,11
kamis,11
ahli,11
x,11
mesir,11
air,11
tutup,11
ponpes,11
i,10
nuna,10
produksi,10
tolak,10
berkat,10
smartphone,10
sistem,10
pohon,10
hadap,10
tawar,10
cucina,10
tanggung,10
lingkung,10
apresiasi,10
camat,10
beda,10
cipta,10
unik,10
strategi,10
curi,10
puluh,10
prestasi,10
falcons,10
rekomendasi,10
jahit,10
bidang,10
kembali,10
subianto,10
generasi,10
guna,10
lokal,10
izin,10
saji,10
serang,10
modal,10
juara,10
periksa,10
rencana,10
publik,10
akibat,10
hakim,10
tuhan,10
timpa,10
batas,10
sppg,10
lahir,10
lanjut,10
momentum,10
cerah,10
duka,10
asuh,10
jatim,10
esport,10
komitmen,10
awan,10
pas,10
percaya,10
tuju,10
prakira,10
wartawan,10
ulayat,9
fktp,9
klasik,9
as,9
gubernur,9
selatan,9
hangat,9
demokrat,9
praktis,9
parkir,9
pantau,9
bijak,9
ri,9
gagal,9
tanggal,9
sertifikat,9
allah,9
koordinasi,9
serius,9
diplomasi,9
atur,9
ahmad,9
smkn,9
ti,9
parivision,9
damping,9
beli,9
geopolitik,9
hotel,9
rakyat,9
moral,9
wajah,9
madura,9
sembako,9
banding,9
s,9
senjata,9
kelompok,9
tinggi,9
miliar,9
omo,9
mobil,9
museum,9
santai,9
holland,9
kormi,9
sidoarjo,9
tebuireng,9
ya,9
musala,9
kasih,9
alas,9
manusia,9
khoziny,9
umat,9
nikmat,9
podcast,9
upacara,9
ilmu,9
persen,9
pulau,9
masingmasing,9
taruh,9
osbourne,9
dokter,9
untung,9
tradisi,9
lolos,9
tni,9
malam,9
jamin,9
maksimal,9
konfirmasi,9
tahan,8
suami,8
nila,8
tugas,8
sempat,8
nilainilai,8
buat,8
listrik,8
ustadz,8
taylor,8
alquran,8
a,8
polres,8
kabur,8
saifuddin,8
bagi,8
fitur,8
ayat,8
era,8
kuasa,8
pikir,8
misi,8
keras,8
akses,8
lansir,8
standar,8
suara,8
awas,8
industri,8
ferry,8
tuntut,8
segar,8
playoff,8
berani,8
banten,8
berkas,8
lapang,8
coba,8
solusi,8
maha,8
libat,8
verifikasi,8
alfamart,8
tiga,8
wajib,8
energi,8
semen,8
lancar,8
jkn,8
probolinggo,8
polisi,8
total,8
tahu,8
rujuk,8
juta,8
fosil,8
partai,8
syarat,8
operasional,8
biaya,8
jual,8
turut,7
andal,7
fold,7
kursi,7
unggah,7
calon,7
ulang,7
terbit,7
potensi,7
dorong,7
potong,7
upaya,7
dakwa,7
anthony,7
anakanak,7
ii,7
arab,7
cabai,7
badan,7
sepakat,7
tanda,7
of,7
momen,7
panggung,7
kabar,7
siksa,7
babak,7
mayoritas,7
gratis,7
bahan,7
alumni,7
nahdlatul,7
nganjuk,7
super,7
netanyahu,7
ajak,7
selenggara,7
usia,7
jembatan,7
koruptor,7
hikam,7
ganti,7
menag,7
cantina,7
pengaruh,7
haji,7
sebar,7
fitnah,7
manager,7
pidana,7
kolaborasi,7
umkm,7
irama,7
kaya,7
ayam,7
gula,7
merah,7
mesin,7
selesai,7
visi,7
dana,7
hebat,7
rangkai,7
detail,7
hancur,7
lupa,7
transaksi,7
langkah,7
berita,7
triliun,7
tua,7
kecuali,7
merdeka,7
sikap,7
kirim,7
mm,7
putih,7
rasa,7
operasi,7
topping,7
militer,7
senior,7
simbol,7
berkowitz,7
angkat,7
pandu,7
asal,7
jajar,7
ajang,7
muchit,7
target,7
prb,7
jumat,7
and,7
lindung,7
minyak,7
tembak,7
libur,7
hak,7
elegan,7
blok,7
simpan,7
abu,7
respons,7
waris,7
duduk,7
pabrik,6
cerita,6
tunjuk,6
salur,6
hidayat,6
konflik,6
tantang,6
harmoni,6
wadah,6
wujud,6
min,6
peduli,6
bistro,6
hadiah,6
profesional,6
distribusi,6
enam,6
prioritas,6
organisasi,6
aktif,6
pribadi,6
tipis,6
mec,6
demokrasi,6
aparat,6
bakar,6
yaman,6
pahlawan,6
perdana,6
donald,6
mobile,6
swt,6
icon,6
yogyakarta,6
jahat,6
mitra,6
china,6
gaming,6
minta,6
benjamin,6
tobat,6
gelap,6
sama,6
agam,6
luncur,6
sumenep,6
udara,6
tokohtokoh,6
muktamar,6
tetap,6
sadig,6
juluk,6
baru,6
mia,6
sidang,6
staf,6
tema,6
siang,6
periode,6
atap,6
rombong,6
daging,6
pppk,6
gresik,6
jiwa,6
nusantara,6
rangka,6
makna,6
akhyar,6
aam,6
evakuasi,6
grup,6
jebak,6
istana,6
tumbuh,6
agus,6
ceo,6
beliau,6
supporter,6
mantan,6
manggarai,6
sulit,6
amat,6
dapat,6
nuklir,6
alih,6
oknum,6
kukuh,6
sentuh,6
rais,6
aktivitas,6
alumnus,6
palsu,6
ungkap,6
bhs,6
sembari,6
menit,6
narasi,6
akrab,6
si,6
ali,6
populer,6
nada,6
paham,6
habib,6
ramah,6
sepeda,6
jaya,6
saing,5
apartemen,5
komunitas,5
khas,5
kompetisi,5
jejak,5
khawatir,5
eri,5
ringan,5
e,5
bunda,5
identitas,5
rusak,5
efektif,5
jangka,5
sman,5
sapa,5
lestari,5
mulus,5
sayang,5
pergi,5
administrasi,5
porsi,5
ancam,5
kecewa,5
isu,5
resep,5
adil,5
panitia,5
kecam,5
aneh,5
ame,5
bumi,5
revol,5
putus,5
direktur,5
gambar,5
rossi,5
maroko,5
alhamdulillah,5
pro,5
piala,5
dapur,5
gila,5
smk,5
surga,5
intako,5
tas,5
meja,5
bank,5
sila,5
pemkab,5
bojonegoro,5
ning,5
soekarno,5
khofifah,5
rizki,5
vokal,5
nararya,5
atrbpn,5
gabung,5
snouck,5
rusa,5
parah,5
asn,5
janji,5
pidato,5
adab,5
tinjau,5
omoway,5
ponsel,5
mohammad,5
ala,5
sumber,5
poin,5
tekstualis,5
formal,5
tanya,5
moga,5
positif,5
warna,5
sekretaris,5
pergunu,5
atic,5
roda,5
daulat,5
saus,5
homemade,5
jalanjalan,5
suharyanto,5
kenang,5
miftachul,5
peter,5
oktober,5
tipu,5
fokus,5
rawat,5
spirit,5
mullah,5
slhs,5
hijau,5
mancanegara,5
tenang,5
jl,5
jombang,5
salat,5
asia,5
inti,5
mari,5
budur,5
pariwisata,5
seni,5
damai,5
vietnam,5
inisiatif,5
sederhana,5
peran,5
keluar,5
an,5
korup,5
derita,5
maju,5
aktor,5
rekam,5
betboom,5
penjara,5
dekat,5
city,5
basarnas,5
sunan,5
habaib,5
burdah,5
situs,5
umum,5
lewat,5
efisiensi,5
nasaruddin,5
syukur,5
cita,5
gerak,5
lampau,5
pagi,5
lemah,5
sorot,5
kaji,5
apartment,5
lihat,5
inggris,5
xbet,5
malaikat,5
skor,5
jasa,5
konsumen,5
pintu,5
tundra,5
uma,5
nuansa,5
kuhp,5
pasal,5
karno,5
alternatif,4
raih,4
kapasitas,4
surabayabangsaonlinecom,4
kemarin,4
n,4
rutin,4
pasti,4
ratarata,4
tara,4
komunis,4
prosedur,4
gurman,4
ibadah,4
tarung,4
reputasi,4
oven,4
galaxy,4
raksasa,4
interior,4
kakak,4
rugi,4
sabar,4
emas,4
jangkau,4
rawan,4
ahad,4
grand,4
losteria,4
sarana,4
rawit,4
politis,4
tunggu,4
kategori,4
property,4
iconland,4
bal,4
jalur,4
suspensi,4
jinayah,4
selisih,4
pacet,4
tidebound,4
dprd,4
komisi,4
rustic,4
baracca,4
rezim,4
ls,4
ladang,4
anjuk,4
akpol,4
akmil,4
premium,4
ras,4
mediator,4
power,4
pulih,4
cholil,4
ketat,4
xtreme,4
muas,4
inovasi,4
aplikasi,4
nobat,4
pledoi,4
kombinasi,4
korupsi,4
jersey,4
destinasi,4
pamer,4
silaturrahmi,4
parkinson,4
habis,4
hidang,4
pajang,4
bisnis,4
pp,4
sae,4
mbatu,4
patuh,4
dari,4
nba,4
russell,4
merek,4
simbolis,4
bersamasama,4
tamu,4
tolong,4
esports,4
imigran,4
uji,4
pamekasan,4
benarbenar,4
alat,4
konser,4
religi,4
health,4
platform,4
indikasi,4
kapolres,4
sakti,4
sahabat,4
banget,4
lauk,4
tempuh,4
sang,4
janoe,4
desk,4
arus,4
mas,4
tebal,4
dewi,4
lambat,4
kan,4
tani,4
fc,4
november,4
gowa,4
pbb,4
eko,4
cor,4
multipolar,4
polsek,4
sekjen,4
adi,4
sk,4
pegawai,4
bawang,4
pintar,4
usul,4
mulyana,4
jaring,4
konsultasi,4
unggul,4
kini,4
asli,4
sapudi,4
team,4
gunawan,4
guncang,4
fans,4
curiga,4
bareng,4
bidah,4
sumatera,4
takut,4
faktor,4
kerjasama,4
jalin,4
pokok,4
larang,4
agenda,4
plt,4
hegy,4
bang,4
syuriah,4
api,4
timbul,4
bmkg,4
niat,4
puji,4
berat,4
sektor,4
bromo,4
rasulullah,4
nasehat,4
sulthon,4
blitar,4
jatuh,4
seharihari,4
unair,4
reservasi,4
kayu,4
limpah,4
tk,4
tbk,4
show,4
gak,4
tanggap,4
muchlis,4
dur,4
arief,4
wonokerto,4
dam,4
aset,4
darah,4
lebih,4
mahasiswa,4
karya,4
dwi,4
communication,4
ngawi,4
pakai,4
prihatin,4
hitung,4
afkar,4
best,4
bikin,4
ptkk,4
upt,4
youtube,4
channel,4
sadar,4
republik,4
titik,4
stabil,4
goreng,4
cerdas,4
kaum,4
sas,4
undang,4
aksi,4
lempar,4
ideologi,4
teguh,4
karcis,4
gitar,4
kostum,4
netral,4
struktural,4
tahun,4
rs,4
materi,4
sukses,4
tajuk,4
sisi,4
tipe,4
prediksi,4
promo,4
masjid,4
honda,4
ada,4
area,4
lampung,3
tunda,3
wonokromo,3
online,3
panggil,3
merta,3
next,3
rancang,3
ruko,3
bayi,3
tentara,3
geopark,3
aspek,3
ekspektasi,3
bayang,3
tel,3
hilang,3
samping,3
viral,3
atas,3
kritik,3
odds,3
bracket,3
kanopi,3
properti,3
keriting,3
tnipolri,3
unsur,3
pemkot,3
higienis,3
qowim,3
ikhlas,3
luput,3
famili,3
nook,3
marah,3
berkalikali,3
cetak,3
university,3
tunisia,3
rangkul,3
elemen,3
rekat,3
telusur,3
pers,3
sisir,3
sempurna,3
uinsa,3
instagram,3
gantung,3
lahan,3
kreativitas,3
jingle,3
bnpb,3
keranjang,3
suka,3
narasumber,3
hambat,3
variasi,3
wartono,3
sebab,3
revisi,3
contoh,3
lor,3
pelang,3
dakwah,3
forsa,3
musik,3
relatif,3
lia,3
timbun,3
kontrak,3
iii,3
dengar,3
rapat,3
basi,3
ambon,3
hektare,3
todo,3
delapan,3
ntt,3
spiritual,3
apotek,3
kontrol,3
andi,3
cek,3
istri,3
plus,3
buahbuahan,3
akhlak,3
wawancara,3
sepi,3
corporate,3
kreatif,3
rebut,3
identifikasi,3
laba,3
sbi,3
balas,3
siber,3
dansat,3
cakup,3
agustus,3
aktivis,3
opd,3
masalah,3
husnan,3
ht,3
dm,3
luka,3
insiden,3
mulia,3
optimistis,3
yahudi,3
penasaran,3
ecek,3
tnbts,3
balai,3
orangorang,3
tv,3
sehariharinya,3
citra,3
deal,3
belanda,3
balap,3
signifikan,3
bilang,3
scoopy,3
beasiswa,3
subjek,3
objek,3
ban,3
juinta,3
peluang,3
w,3
legends,3
one,3
garagara,3
pinjam,3
sisa,3
sangkut,3
gempa,3
talango,3
sore,3
geneng,3
fauzi,3
ragu,3
tur,3
juru,3
ne,3
sungguh,3
anjur,3
langgar,3
komunikasi,3
minum,3
logistik,3
padu,3
otomatis,3
nyala,3
yuk,3
olah,3
alir,3
ppat,3
akta,3
abah,3
bandung,3
pan,3
tekad,3
udik,3
mana,3
minat,3
biasa,3
azhar,3
quds,3
hindar,3
inisiasi,3
abraham,3
lembaga,3
hurgronje,3
usung,3
halaman,3
pw,3
tarif,3
kuota,3
gedung,3
yulong,3
persekabpas,3
paket,3
ikan,3
fotografi,3
general,3
bara,3
imbang,3
amanah,3
kacong,3
pending,3
tibatiba,3
dominasi,3
langka,3
satusatunya,3
lantik,3
keluh,3
manja,3
pupuk,3
royal,3
launching,3
mamma,3
pauk,3
berangkat,3
sugiono,3
resah,3
tagih,3
sar,3
polri,3
awal,3
pulang,3
kavling,3
terap,3
kredibilitas,3
bola,3
sepak,3
teheran,3
deportasi,3
legendaris,3
juli,3
idap,3
koalisi,3
kompak,3
pungky,3
konsep,3
akademisi,3
ujimar,3
imaduddin,3
tempat,3
minggu,3
antusias,3
saran,3
hafal,3
hafidz,3
mumpuni,3
mufassir,3
konten,3
sig,3
juni,3
teladan,3
mudir,3
syafii,3
pakar,3
aktual,3
rubrik,3
syafiie,3
rendah,3
dota,3
a bal ar qi,3
q,3
f h,3
u d,3
gammin,3
minh,3
yakhruj,3
ay,3
ar d,3
kullam,3
serial,3
aji,3
boston,3
pensiun,3
masyayikh,3
juz,3
ozzy,3
sabbath,3
black,3
benar,3
majelis,3
lepas,3
spot,3
raja,3
bin,3
mohammed,3
gaza,3
lilur,3
amin,3
azab,3
quran,3
madrasatul,3
huni,3
agen,3
staquf,3
berturutturut,3
dinner,3
web,3
tylor,3
mata,3
perdata,3
perkara,3
samasama,3
panjang,3
dermawan,3
miliarder,3
alhajj,3
bpbd,3
konstruksi,3
fisik,3
jamah,3
ubudhabitat,3
legitimasi,3
leverage,3
william,3
gaya,3
transportasi,3
koleksi,3
jenderal,3
ekstrem,3
telur,3
transisi,3
sematamata,3
demokratis,3
fitri,3
rbnp,3
gunung,3
kurang,3
perilaku,3
maaf,3
istighfar,3
gugur,3
medan,3
stylish,3
basket,3
efek,3
takzir,3
jam,3
pangan,3
iv,3
laman,3
jpu,3
saksi,3
purba,3
ump,3
gera,3
domestik,3
lantai,3
upf,3
konsisten,3
cetus,3
nigma,3
singkir,3
liquid,3
pada,3
jemput,3
megadeal,3
propaganda,3
kultural,3
risiko,3
taman,3
paud,3
rezeki,3
hibur,3
ilaspp,3
compact,3
dedikasi,3
abdi,3
tradisional,3
laut,3
ijtihad,3
etalase,3
universal,2
tasyakur,2
budidaya,2
semi,2
kambang,2
ecopark,2
afrika,2
kushartono,2
material,2
steven,2
bombana,2
sah,2
alhariq,2
intensif,2
marketing,2
record,2
geger,2
bangga,2
asgi,2
sukmana,2
kontak,2
tempel,2
fakta,2
ranah,2
lekat,2
soft,2
relevan,2
atlet,2
musuh,2
matahari,2
progresif,2
pepp,2
pegas,2
kulit,2
dll,2
aluqubah,2
sopan,2
jati,2
oleh,2
shmsrs,2
mobilitas,2
haram,2
wewenang,2
mutlak,2
in,2
lainlain,2
sesal,2
shalat,2
minimal,2
terampil,2
kamar,2
teliti,2
nasab,2
sabtu,2
adaptor,2
bmw,2
newborn,2
jera,2
fikih,2
la,2
bi,2
asisten,2
punggung,2
toko,2
lebron,2
james,2
liga,2
jenis,2
lambung,2
timah,2
tebar,2
tertawa,2
sarasehan,2
sombong,2
ikoniknya,2
namanama,2
kepruk,2
muat,2
aph,2
ngecor,2
filosofi,2
nguling,2
efektivitas,2
kreator,2
video,2
singkat,2
lobi,2
jajah,2
heritage,2
kharismatik,2
angkaangka,2
roboh,2
nol,2
mohamad,2
bina,2
karier,2
kendala,2
ucap,2
iring,2
jemaah,2
istirahat,2
cat,2
istimewa,2
provokatif,2
center,2
apple,2
healthkesehatan,2
visual,2
jamaah,2
bekal,2
beku,2
fillet,2
pola,2
landas,2
kompetensi,2
bersih,2
madu,2
gegap,2
gempita,2
turis,2
sunrise,2
acu,2
tiket,2
isya,2
orientasi,2
glg,2
gor,2
indar,2
parawansa,2
sumsel,2
kalang,2
ekspresi,2
dalil,2
anti,2
bocor,2
maksimum,2
dimensi,2
konektivitas,2
pasok,2
tanam,2
adopsi,2
kembangbelor,2
najib,2
falaq,2
sumberejo,2
rahardjo,2
haryo,2
sma,2
redaktur,2
lucu,2
stasiun,2
iman,2
kadang,2
swasta,2
endrip,2
konsumsi,2
stamar,2
tri,2
apa,2
afamar,2
beludak,2
senator,2
rambut,2
nara,2
ist,2
krisis,2
manamana,2
magang,2
slot,2
sengaja,2
abur,2
rifai,2
catut,2
mual,2
muntah,2
smpn,2
ompreng,2
terik,2
komponen,2
charger,2
maklum,2
jumbo,2
bahagia,2
antara,2
enggan,2
jelas,2
khyi,2
fisip,2
siap,2
bertahuntahun,2
aroma,2
matang,2
malangbangsaonlinecom,2
training,2
disdik,2
cabdindik,2
akademik,2
franky,2
project,2
konyol,2
fenomena,2
dangdut,2
buntung,2
chatgpt,2
susun,2
laboratorium,2
meteorologi,2
kronis,2
hut,2
wibowo,2
sembilan,2
sosialisasi,2
abeng,2
sinergi,2
poster,2
edar,2
banyak,2
halang,2
motivasi,2
wallahualam,2
bisshawab,2
bangsabangsa,2
forum,2
santrisantri,2
klimatologi,2
geofisika,2
rekan,2
batal,2
wonocolo,2
wajar,2
sekutu,2
galak,2
sharon,2
ganggu,2
kadar,2
heri,2
tenri,2
normalisasi,2
singosari,2
gilir,2
komentar,2
markas,2
kisar,2
infeksi,2
diagnosis,2
napas,2
pelestina,2
kuliah,2
sudan,2
subcribe,2
laras,2
panik,2
kodim,2
simak,2
mbs,2
abbas,2
desak,2
to,2
rock,2
jokowi,2
rupiah,2
pangeran,2
nyanyi,2
lukis,2
terobos,2
realitas,2
rindu,2
yvonne,2
dar,2
abdullah,2
kiri,2
mahkota,2
salman,2
thewonderspacecomcantina,2
namacantina,2
ubudwajib,2
tekstur,2
zaman,2
suharto,2
rrc,2
pria,2
mampu,2
sedih,2
haru,2
beliaubeliau,2
statistik,2
akun,2
tuan,2
jibaku,2
aviv,2
billboard,2
shanghai,2
tari,2
kenyal,2
woodfired,2
selera,2
romantis,2
baliho,2
belah,2
pm,2
kejut,2
revolusi,2
uranium,2
ukur,2
kampanye,2
restorannyauma,2
winenya,2
ubudlosteria,2
doughnya,2
toppingnya,2
bintang,2
hemat,2
belanja,2
reaksi,2
beres,2
kisah,2
peta,2
bolognese,2
betah,2
berlamalamapizzeria,2
vibe,2
kental,2
fresh,2
from,2
akan,2
medsos,2
rilis,2
kafir,2
perut,2
suci,2
nanti,2
ayatollah,2
reza,2
seafood,2
masak,2
mohon,2
hatihati,2
suluh,2
lena,2
eliminasi,2
heroic,2
case,2
sinergitas,2
diskusi,2
suwandi,2
infrastruktur,2
panggang,2
varian,2
carbonara,2
salam,2
dinkes,2
ejek,2
akar,2
identik,2
satanic,2
fase,2
bumbu,2
margherita,2
pizzanya,2
otentik,2
creamy,2
cozy,2
hangout,2
kopi,2
winela,2
racing,2
datang,2
truffle,2
kantongmamma,2
sirkuit,2
aula,2
sentul,2
emosi,2
mondok,2
adik,2
shekarchi,2
mandi,2
akurat,2
sasar,2
abai,2
trattoria,2
tipsnya,2
lunch,2
chef,2
daily,2
guyur,2
puingpuing,2
achmad,2
mui,2
rachmatu,2
zakiyah,2
yai,2
pekan,2
mandalika,2
pertamina,2
enduro,2
vr,2
indah,2
sri,2
specials,2
sibuk,2
mampir,2
gigit,2
kesan,2
portofino,2
kiblat,2
pascasarjana,2
kritis,2
bolakbalik,2
motogp,2
valentino,2
sosok,2
ubudtips,2
pakuwon,2
veronica,2
analisis,2
gugat,2
ayah,2
jun,2
graha,2
no,2
tabah,2
erat,2
uni,2
kandung,2
nalrev,2
karangasem,2
kumpul,2
sepuh,2
menantu,2
polda,2
metro,2
dianugrahkan,2
penganugrahan,2
asing,2
rajin,2
manajemen,2
run,2
csr,2
asalusul,2
macet,2
basement,2
irwandi,2
alias,2
imigrasi,2
lidi,2
menindaklanjuti,2
singapura,2
rusia,2
negaranegara,2
dringu,2
tapak,2
afif,2
zamroni,2
fachruddin,2
ghofirin,2
instansi,2
anugerah,2
nyai,2
alif,2
fadhilah,2
nasionalisme,2
kokoh,2
zainal,2
lapis,2
golong,2
dahulu,2
gusti,2
ikat,2
chapter,2
maskur,2
bandar,2
jawab,2
mafia,2
bebas,2
praktik,2
hanak,2
fermar,2
gagas,2
kolaboratif,2
pgri,2
siswasiswi,2
iklim,2
dinamika,2
liter,2
msn,2
bangku,2
hasyim,2
muzadi,2
imbuh,2
syarief,2
hassan,2
sosialis,2
tuntas,2
geologi,2
sarat,2
nurochman,2
forkopimda,2
cair,2
nyc,2
coimar,2
sapi,2
had,2
pasir,2
bangkit,2
unhan,2
darat,2
disporabudpar,2
fuad,2
darurat,2
hewan,2
utara,2
transparansi,2
fkrtl,2
fondasi,2
mang,2
pemuda,2
sop,2
pegang,2
terangterangan,2
muka,2
real,2
time,2
mutu,2
mekanisme,2
council,2
meimpin,2
kjs,2
syamsuri,2
antusiasme,2
arif,2
dispute,2
sertifikasi,2
seo,2
rif,2
sidoarjobangsaonlinecom,2
ekstra,2
stabilitas,2
etnik,2
jurnalis,2
kode,2
arena,2
opini,2
tumbang,2
cabang,2
bahasa,2
terjun,2
sd,2
picu,2
digadanggadang,2
legal,2
sayur,2
buah,2
kolektif,2
agresif,2
catur,2
supreme,2
peristiwa,2
kerap,2
cenderung,2
hujan,2
deras,2
implementasi,2
ainul,2
yaqin,2
transformasi,2
hadratussyaikh,2
langgan,2
optimasi,2
beban,2
kotor,2
level,2
jarang,2
besarbesaran,2
riyadh,2
sinyal,2
charles,2
hati,2
pcnu,2
nur,2
gadai,2
tujuh,2
sepenuh,2
amal,2
disiplin,2
singgah,2
tanjungrejo,2
mergosari,2
diam,2
kasi,2
humas,2
for,2
tengah,2
ekonom,2
inspektur,2
kapolsek,2
prosesi,2
liput,2
lintas,2
bernopol,2
l,2
da,2
mundur,2
cctv,2
analis,2
runding,2
khilaf,2
track,2
simbolisme,2
tandatanda,2
hegemoni,2
berangan,2
khidmat,2
akbp,2
akal,2
credible,2
hollad,2
stanford,2
akademi,2
akn,2
vario,2
adzab,2
sifat,2
pojok,2
ndalem,2
praktisi,2
sidi,2
keliru,2
juncto,2
jaksa,2
tiada,2
booth,2
diponegoro,2
partisipasi,2
kontroversial,2
ugalugalan,2
kiaikiai,2
tegak,2
bar,2
mewah,2
allseason,2
titanium,2
mall,2
kejar,2
keshalehan,2
saleh,2
bunuh,2
ringkas,2
blibli,2
fungsional,2
green,2
gubris,2
dzuqu,2
sesi,1
partok,1
nampang,1
nali,1
kunjungankunjungan,1
silaturahmi,1
auditorium,1
sabung,1
sunyata,1
dharma,1
insan,1
kerek,1
sumberarum,1
persero,1
batara,1
melepaskancasesaat,1
cv,1
wungubelan,1
ruslin,1
untuk,1
sinatra,1
donny,1
njosaputera,1
mebel,1
pustaka,1
transfer,1
winata,1
terdakwaaldvan,1
rekening,1
sidik,1
pledoinya,1
kamal,1
tutul,1
miftah,1
virastutik,1
theresia,1
maria,1
mapolsek,1
jumpa,1
setan,1
rasuk,1
simorejo,1
kelvin,1
nasihat,1
paksa,1
soal,1
itikad,1
zilan,1
kala,1
rembuk,1
shanti,1
rina,1
akp,1
polrestabes,1
renanta,1
kompol,1
kronologi,1
nci,1
acaraacara,1
riwariwi,1
nota,1
wisanto,1
pn,1
likenya,1
elit,1
truk,1
sopir,1
lacak,1
jok,1
stnk,1
ojek,1
tetangga,1
intelektual,1
ngurusi,1
khittah,1
opoisisi,1
istilah,1
oposisi,1
ketemu,1
pecat,1
wabilkhusus,1
muassis,1
asa,1
waliyullah,1
isrrael,1
menyalahgunakan,1
kontraksi,1
fundamental,1
semester,1
hegyrusvan,1
jerat,1
tamat,1
pleno,1
zinois,1
pesanren,1
man,1
bangil,1
belatung,1
smp,1
evaluasi,1
cabut,1
baku,1
akselerasi,1
dekarbonisasi,1
kendali,1
ebitda,1
volume,1
excellence,1
operational,1
dibully,1
aluliya,1
asyari,1
dynamix,1
emisi,1
tenggara,1
narogongyang,1
hrg,1
gas,1
rich,1
hydrogen,1
patut,1
komposisi,1
protein,1
gram,1
kilokalori,1
rekrut,1
mafparmar,1
anggar,1
gph,1
lsm,1
higienitas,1
sipil,1
tuai,1
emission,1
zero,1
net,1
profitabilitas,1
ton,1
dermaga,1
ekspor,1
efisien,1
inovatif,1
beton,1
andalas,1
sittong,1
salamtresna,1
tagline,1
konsolidasi,1
soleh,1
kangen,1
nafi,1
medium,1
pihps,1
rangkum,1
update,1
panen,1
koki,1
ob,1
supriyanto,1
anjar,1
luntur,1
mendiang,1
antaralumni,1
ekspansi,1
sahlawiy,1
r,1
khalillur,1
hrm,1
situbondo,1
kemas,1
curah,1
gulir,1
uzimar,1
abadi,1
tulus,1
rassacinta,1
lumbung,1
situasi,1
mahal,1
bapantara,1
garam,1
batin,1
penjuru,1
sampang,1
depok,1
bangkal,1
kesiap,1
ilmiah,1
amaliah,1
pilar,1
jelma,1
serap,1
rubaie,1
silat,1
pencak,1
khidir,1
akrobat,1
set,1
trijaya,1
alfaria,1
mdrmar,1
duniabismillah,1
faedah,1
ikhtiar,1
thap,1
dec,1
sa,1
distrik,1
tangerang,1
office,1
head,1
telaten,1
tanggulangin,1
koper,1
usman,1
madurasunan,1
itugus,1
lainpresiden,1
popular,1
denggan,1
tatar,1
mengangakat,1
bantenrabu,1
kemendes,1
ratu,1
mmasud,1
negaranegera,1
harum,1
uac,1
alqarawiyyin,1
alahgaff,1
ezzitouna,1
azzaituna,1
pemikiranpemikiran,1
typical,1
merk,1
order,1
almarhum,1
sunti,1
pramesti,1
soni,1
andra,1
doctor,1
soekarnohatta,1
bandara,1
dinamo,1
gc,1
eksplorasi,1
korektif,1
obsesi,1
hongkong,1
thailand,1
brunei,1
jurnalistik,1
dermawanyang,1
pendodo,1
berjudulkiblat,1
pendopo,1
dilaunching,1
morbidelli,1
franco,1
giannantonio,1
fabio,1
helm,1
jelang,1
berjudulkiai,1
ihsan,1
kpu,1
syam,1
bazar,1
hafis,1
pwnu,1
suap,1
wibawa,1
cantik,1
cewek,1
talenta,1
hamburg,1
bangsaonlinecomturnamen,1
rel,1
absen,1
cc,1
moto,1
simbolik,1
setebal,1
lakono,1
aris,1
duniaitu,1
palu,1
aljulud,1
buthunihim,1
fi,1
bih,1
yushar,1
timtim,1
memberitahu,1
xbetini,1
dalamulasan,1
duit,1
doyan,1
toleran,1
prinsip,1
perkasa,1
skill,1
comeback,1
lama,1
rekor,1
spektakuler,1
aurora,1
brothers,1
yakutou,1
wildcard,1
dollar,1
pendek,1
bilik,1
cemplung,1
kasar,1
hadid,1
maqami,1
lahum,1
memporakporandakan,1
telak,1
tawur,1
duel,1
mubarazah,1
badar,1
filemon,1
whitemon,1
matthew,1
tobi,1
pertama,1
sensasi,1
episode,1
universe,1
fissure,1
dragons,1
mengahabiskan,1
nishab,1
chunyu,1
wang,1
melipatgandakan,1
takluk,1
performa,1
gallyamov,1
alan,1
finis,1
didih,1
dijejeli,1
alhamim,1
ruusihim,1
fauq,1
yushabb,1
champions,1
aegis,1
kutu,1
skenario,1
bertanyatanya,1
psg,1
carry,1
empat,1
finalgrand,1
umur,1
arogan,1
psikologi,1
erti,1
podo,1
laun,1
umeg,1
seri,1
puncak,1
geniuses,1
evil,1
ling,1
aui,1
kurtis,1
potorak,1
malrne,1
stanislav,1
wu,1
sneyking,1
jingjun,1
lepko,1
skiter,1
oliver,1
ammah,1
mashlahah,1
gelang,1
luwes,1
hadis,1
nisab,1
perkoro,1
lalap,1
kreasi,1
cerdascerdas,1
rocker,1
deposit,1
promosi,1
judi,1
valve,1
pascacovid,1
dahi,1
jerawat,1
gemetar,1
darkness,1
prince,1
vokalis,1
utuh,1
syariat,1
dst,1
alirsyad,1
muhammadiyah,1
petrus,1
loyo,1
mungkar,1
jihad,1
mafasid,1
anda,1
masyrakat,1
rampok,1
lha,1
lenyap,1
inspiratif,1
pinta,1
tyler,1
momoa,1
jason,1
selebritas,1
birmingham,1
beginning,1
back,1
akhir,1
februari,1
watak,1
nyali,1
eropa,1
januari,1
jari,1
people,1
kutip,1
privasi,1
keliling,1
abar,1
paranoid,1
makmur,1
kesejehteraan,1
sejati,1
sya,1
kakap,1
qadir,1
america,1
morning,1
good,1
tulang,1
april,1
leher,1
silam,1
atv,1
celaka,1
cedera,1
angeles,1
los,1
pernyatannya,1
like,1
komen,1
sina,1
kelelawar,1
hitam,1
love,1
emoji,1
buruk,1
arti,1
vonis,1
kelly,1
jack,1
manajer,1
sono,1
annur,1
nahwu,1
sibawaih,1
jailani,1
puja,1
bangsaonlinecomini,1
muak,1
frustasi,1
ibnu,1
justeru,1
sunni,1
ulamaulama,1
syiah,1
sukarela,1
nasib,1
syaikh,1
marahyang,1
asisrael,1
ramairamai,1
berjudulnegara,1
raasulullah,1
menghiduphidupkan,1
barzanji,1
iain,1
kagum,1
o,1
malaya,1
tasik,1
soneta,1
profesi,1
khairatberlomba,1
ustadzfastabiqul,1
nyatanyata,1
wahabi,1
boleh,1
durian,1
hai,1
bershalawat,1
pede,1
lonjong,1
samasekali,1
saking,1
mukhit,1
sekretariat,1
koran,1
headline,1
berlombalomba,1
kelar,1
istiadat,1
belenggu,1
pekerti,1
budi,1
miskin,1
wahyutama,1
pranata,1
meru,1
tengger,1
rhomarhoma,1
munculya,1
ropal,1
wafatwabilkhususakhlaknya,1
ceramah,1
ustadzustadz,1
muhammmad,1
junjung,1
logika,1
sungguhsungguh,1
bershalawatlah,1
megah,1
transit,1
rom,1
asuransi,1
wna,1
wni,1
massif,1
skriptualis,1
tuduh,1
ngaji,1
malaikatmalaikatnya,1
ahzab,1
gamblang,1
naqli,1
bukan,1
mushalla,1
ukhuwah,1
dendam,1
rbu,1
apaapanya,1
jujugan,1
alawiyah,1
teh,1
kampoeng,1
segitiga,1
kusuma,1
group,1
cluster,1
information,1
tourist,1
barra,1
oelh,1
eddy,1
chatam,1
yos,1
irmasari,1
evrie,1
lintang,1
upa,1
budayawan,1
seniman,1
jadwal,1
syah,1
festival,1
fest,1
entrepreneurial,1
cultural,1
islamiyah,1
petinggi,1
paa,1
baalay,1
klan,1
north,1
mansyur,1
eksotika,1
denta,1
niaga,1
rahmad,1
raden,1
kanjeng,1
pesona,1
noesantara,1
yanz,1
soebroto,1
sabilillah,1
laskar,1
songo,1
ekosistem,1
rooftop,1
ballroom,1
persegi,1
meter,1
suite,1
iskandar,1
letak,1
magnet,1
suramadu,1
park,1
quay,1
rabithah,1
buntu,1
waspada,1
labuh,1
prospek,1
legalitas,1
tower,1
pudak,1
permai,1
mar,1
dzuriyah,1
balawy,1
tajam,1
bantani,1
utsmani,1
yachsy,1
billy,1
ajb,1
shmsrsnya,1
yunarni,1
ga,1
iconlandpropertyofficial,1
garden,1
agustusseptember,1
depan,1
sabrina,1
multimoda,1
murni,1
isyarat,1
andai,1
pepatah,1
grojokan,1
kriwikan,1
minha,1
yakhruju,1
aradu,1
kullama,1
studi,1
merengekrengek,1
bertanggug,1
konsekuensi,1
buang,1
semuastroller,1
brand,1
gandrung,1
gendong,1
terusmenerus,1
kereta,1
hudmar,1
push,1
repellent,1
water,1
sempit,1
bagasi,1
mixx,1
nunadilengkapi,1
ham,1
rumus,1
susul,1
thari,1
amr,1
pemangatan,1
seadiladilnya,1
fiha,1
uidu,1
snap,1
secure,1
magnetech,1
halus,1
recline,1
dingin,1
leatherette,1
lap,1
arm,1
lil,1
illa,1
alhukm,1
meskpiun,1
alnur,1
rafah,1
bolehitu,1
proaktif,1
sangka,1
adam,1
ready,1
system,1
travel,1
insert,1
wool,1
merino,1
jendela,1
serbaguna,1
triv,1
sintetis,1
handle,1
klik,1
sabuk,1
sinar,1
canopy,1
extra,1
reclining,1
lega,1
tavo,1
rebah,1
tali,1
eksklusif,1
collection,1
lx,1
trvl,1
pipa,1
tekun,1
narapidana,1
mesti,1
juklak,1
seringkali,1
store,1
official,1
original,1
cicil,1
ongkir,1
spesial,1
datar,1
altaubah,1
yasquth,1
aljinayah,1
kaedah,1
almaidah,1
alaihim,1
taqdiru,1
amatir,1
bulls,1
chicago,1
jordan,1
michael,1
pisah,1
ulas,1
dalamxbet,1
inspirasi,1
magis,1
gelombang,1
qabl,1
zina,1
hobi,1
maksiat,1
menanggapai,1
setrika,1
zakat,1
bangkang,1
julius,1
malone,1
karl,1
mchale,1
kevin,1
showtime,1
lambang,1
karisma,1
lakers,1
johnson,1
magic,1
eraera,1
idola,1
kareem,1
ligaseluruh,1
miami,1
celtics,1
sebelas,1
sendiri,1
legenda,1
bill,1
tonjol,1
heran,1
oneal,1
shaquille,1
erving,1
siram,1
borgol,1
jidat,1
dede,1
solikin,1
tatum,1
jayson,1
westbrook,1
lillard,1
dami,1
arenas,1
gilbert,1
jerseynya,1
bird,1
larry,1
representasi,1
skyhook,1
dekade,1
abduljabbar,1
rokhayati,1
noor,1
bkd,1
inovasiinovasi,1
united,1
lekok,1
laga,1
cup,1
antarkecamatan,1
individu,1
ukir,1
kisahkisah,1
digit,1
ikonik,1
lainnyaujivan,1
sujana,1
mudahmudahan,1
ulfa,1
mariya,1
arjua,1
djanuantoro,1
pssi,1
askab,1
club,1
klub,1
gol,1
top,1
mashori,1
pogar,1
stadion,1
perangkat,1
nonasn,1
bibit,1
sepatu,1
canggih,1
chen,1
pelanpelan,1
putar,1
debut,1
sebentar,1
tesla,1
kasta,1
tanjak,1
sana,1
asnpppk,1
skema,1
jujur,1
sebaikbaiknya,1
rokok,1
susu,1
rute,1
dasbor,1
bodi,1
bluetooth,1
remot,1
teslanya,1
nal,1
bhari,1
bhagawanta,1
formasi,1
kediribangsaonlinecom,1
veneer,1
kelapa,1
komoditi,1
jejaring,1
optimis,1
cermin,1
purna,1
paruh,1
lithium,1
spesifikasi,1
otorisasi,1
repotrepot,1
alarm,1
notifikasi,1
deteksi,1
las,1
dor,1
kerupuk,1
tebu,1
v,1
rismar,1
wabup,1
cemar,1
bohong,1
selang,1
tiru,1
himbara,1
perban,1
palembang,1
opi,1
wyndham,1
unggas,1
hilir,1
rantai,1
antardaerah,1
kompeten,1
tender,1
semarang,1
undip,1
neagara,1
kolosal,1
heboh,1
informatika,1
jurus,1
veteran,1
upn,1
naional,1
aja,1
soekartono,1
bambang,1
dpr,1
stigma,1
dobrak,1
abdulloh,1
rijal,1
rosyadi,1
shiva,1
mochamad,1
esi,1
pmii,1
venue,1
milenial,1
rdp,1
polemik,1
hoaks,1
antirasuah,1
supriyo,1
bagus,1
rizqi,1
alana,1
akina,1
susanto,1
harjita,1
muji,1
wahyudi,1
feri,1
unitomo,1
kriting,1
progres,1
rahman,1
aulia,1
candu,1
negatif,1
flores,1
daring,1
marbun,1
rosalin,1
nitta,1
posyandu,1
pkk,1
subagyo,1
persondi,1
hubungicontact,1
pungut,1
costume,1
mvp,1
most,1
iklan,1
yuni,1
policy,1
national,1
widodo,1
sigit,1
anggraini,1
setyo,1
komunal,1
subdirektorat,1
sucahyono,1
agung,1
bpn,1
tendik,1
racun,1
konsistensi,1
junrejo,1
geram,1
jatimterimakasih,1
terimakasih,1
kompentensi,1
teori,1
produktif,1
ratna,1
hastini,1
vokasi,1
asamar,1
lurah,1
cahyono,1
anto,1
santap,1
gejala,1
rino,1
landesa,1
survei,1
ptsl,1
sistematis,1
sumba,1
timor,1
planning,1
spatial,1
administration,1
land,1
integrated,1
asavan,1
dindik,1
instruktur,1
ssn,1
minggaryana,1
kadisdik,1
herybertus,1
nagekeo,1
ngada,1
clean,1
firdaus,1
suryani,1
sdmi,1
impi,1
multiefek,1
citacita,1
karib,1
globalisasi,1
digitalisasi,1
karakter,1
kanwil,1
meta,1
kuswanto,1
tidur,1
hipertensi,1
mellitus,1
diabetes,1
parrev,1
ani,1
berstatusclear,1
mese,1
satar,1
niang,1
tutunrya,1
wilayahwilayah,1
ruteng,1
nabit,1
gl,1
dandim,1
letus,1
tangkis,1
kaget,1
intel,1
amuk,1
antre,1
prolanis,1
repot,1
spesialis,1
kabiro,1
fah,1
nekat,1
motif,1
prajurit,1
divisi,1
mewengkang,1
vegetarian,1
guling,1
babi,1
campur,1
sw,1
nw,1
intelijen,1
opu,1
somba,1
senapan,1
lantar,1
inisial,1
ad,1
inf,1
letkol,1
fattah,1
gem,1
hidden,1
ciri,1
enak,1
artikel,1
susah,1
craving,1
bingung,1
respon,1
hamas,1
diplomatik,1
proposal,1
nonpartisan,1
shield,1
accords,1
tegap,1
tempo,1
lidahcantina,1
ubudkalau,1
ubudrekomendasi,1
lian,1
yordania,1
alnahyan,1
zayed,1
uea,1
reklame,1
papan,1
regional,1
fotofoto,1
mahmoud,1
assisi,1
wafat,1
insyaallah,1
cucinabuat,1
siniselain,1
cucinauma,1
temanbagi,1
starev,1
ketidaksesuaian,1
lalai,1
saudarasaudaranya,1
lubang,1
abrahamshield,1
billbord,1
emirat,1
kanan,1
jejer,1
dimmar,1
kendati,1
italiamenu,1
portofinoportofino,1
kayuselain,1
sedalamdalamnya,1
belasungkawa,1
betulbetul,1
dukacita,1
nonpesantren,1
introspeksi,1
acap,1
getar,1
syahid,1
khatimah,1
husnul,1
higiene,1
laik,1
kantong,1
gerbang,1
sentra,1
ubudla,1
kreatifpasta,1
instan,1
saifudin,1
sppgsppg,1
formalitas,1
halili,1
royong,1
gotong,1
umar,1
kemenag,1
pascagempa,1
sumenepbangsaonlinecom,1
normal,1
dinnerselain,1
ubudmenikmati,1
comfortingbanyak,1
ubudmamma,1
lezatlasagna,1
besok,1
instruksi,1
wongsojudo,1
pungkasnyaalnvan,1
baharu,1
selimut,1
terpal,1
sanitasi,1
kanakkanak,1
arum,1
wahyu,1
lasagna,1
lezat,1
habitat,1
teman,1
lidah,1
sinijadi,1
diinginkanpenutupubud,1
kunjungankalau,1
rehab,1
tembok,1
murid,1
genteng,1
magnitudo,1
t,1
fnb,1
beverage,1
food,1
sentosa,1
asri,1
sanggar,1
garap,1
boulevard,1
diinginkanpenutup,1
comforting,1
hariyana,1
gembira,1
bungkus,1
keramat,1
dusun,1
kedunggalar,1
ndimar,1
elektronik,1
dinasdinas,1
pbg,1
skrk,1
puspita,1
komplek,1
kafe,1
oke,1
u,1
etis,1
kontra,1
mengatasnamakan,1
gwalk,1
citraland,1
cemas,1
lari,1
nahu,1
mabes,1
komandan,1
malaka,1
rusmar,1
komersil,1
fasum,1
biar,1
d,1
tok,1
riwayat,1
hibah,1
himbauan,1
turuntemurun,1
atr,1
panjenenganpanjenengantelah,1
wahid,1
nusron,1
garis,1
ponselnya,1
algoritma,1
metropolitan,1
tandang,1
sembiring,1
omboh,1
brigjen,1
gitu,1
victim,1
playing,1
ngrengek,1
chasanah,1
sulina,1
alpha,1
irene,1
patricia,1
zaki,1
dewa,1
sesusai,1
nasoinal,1
menganugrahkan,1
upi,1
tol,1
pungkasnyafah,1
dirinci,1
jabar,1
laranganlarangan,1
kholil,1
mapolres,1
lidik,1
peoduct,1
opop,1
mochammad,1
sulung,1
albarra,1
h,1
shofia,1
terringgal,1
hajjah,1
dihadang,1
susmiyanto,1
lingkup,1
seksi,1
adimar,1
naung,1
malyasia,1
jerman,1
australia,1
unesa,1
ub,1
ipb,1
uin,1
its,1
ui,1
itb,1
pengahargaan,1
jksn,1
ugimar,1
ditindaklanjuti,1
indikator,1
timbang,1
seminar,1
nganjukbangsaonlinecom,1
miliardertapi,1
bidik,1
renung,1
selaras,1
cegah,1
hadirin,1
melaunching,1
adu,1
arifin,1
iptu,1
kasatreskrim,1
desakecamatan,1
tampung,1
b,1
edukasi,1
representatif,1
benda,1
widagdo,1
prasetyo,1
rosyidah,1
yulianto,1
marlia,1
mada,1
gadjah,1
barianto,1
didit,1
satpol,1
urai,1
portal,1
kedaluwarsa,1
administratif,1
fraud,1
medis,1
naik,1
rimbun,1
hutan,1
ngluyu,1
patianrowo,1
jatikalen,1
gondang,1
rejoso,1
geoheritage,1
geosains,1
bedah,1
ikon,1
balut,1
desainer,1
ujung,1
fashion,1
carnival,1
ethnic,1
unjuk,1
aminbamvan,1
kusumawati,1
fitriyah,1
kas,1
transparan,1
diagnosa,1
pif,1
faskes,1
kalender,1
tuang,1
makmun,1
khariri,1
alnmar,1
danpowerful,1
event,1
totalitas,1
bondowoso,1
jember,1
kotakota,1
hariri,1
kalenengan,1
band,1
tongtong,1
modernisasi,1
bilateral,1
coordination,1
umrah,1
terbang,1
tonggak,1
changer,1
game,1
menandatangani,1
ambisi,1
tata,1
tunjang,1
rincian,1
inap,1
sep,1
eligibilitas,1
absah,1
remeh,1
juwana,1
hikmahanto,1
tempur,1
opsi,1
sanksi,1
terhimpit,1
dokumentasi,1
gresikbangsaonlinecom,1
jelasnyavan,1
benah,1
asesmen,1
sudarmadji,1
prasetijo,1
tegoeh,1
rapi,1
kerangka,1
retorika,1
indonesiakekuatan,1
house,1
chatham,1
khatib,1
lina,1
sektarian,1
ideologis,1
bias,1
otoriter,1
internal,1
pascabencana,1
tanasale,1
cornelis,1
berbedabeda,1
senantiasa,1
fantastisrp,1
pasuk,1
logis,1
ekspansionis,1
rivalitas,1
jargon,1
netralitas,1
framing,1
ragam,1
sekte,1
mazhab,1
konsensus,1
pluralisme,1
hantam,1
beliung,1
tatap,1
ideal,1
kandidat,1
diversifikasi,1
vision,1
mentah,1
geser,1
darsono,1
nurliana,1
iseas,1
triliuntapi,1
polwan,1
puting,1
tubanbangsaonlinecom,1
pondasi,1
ayom,1
perwira,1
peleton,1
ibrahim,1
disiasiakan,1
position,1
bargaining,1
relasi,1
pasif,1
timpang,1
terjemah,1
yudhistira,1
bhima,1
indef,1
mitramitra,1
indonesiasaudi,1
konteks,1
kubu,1
endowment,1
carnegie,1
wehrey,1
frederic,1
nafas,1
pandang,1
megainvestasi,1
gandeng,1
seremoni,1
pijak,1
plinplan,1
narkoba,1
reskrim,1
intelkam,1
sabhara,1
moderat,1
figur,1
nasionalismiliteristik,1
relevansi,1
kutub,1
topang,1
nonbarat,1
blokade,1
tembus,1
broker,1
moderasi,1
prosaudi,1
proiran,1
saputra,1
anggi,1
tertib,1
doom,1
roubini,1
nouriel,1
energy,1
nikel,1
cadang,1
chain,1
supply,1
kacamata,1
euforia,1
nasr,1
vali,1
balik,1
rumit,1
populasi,1
hard,1
pataka,1
mapan,1
tera,1
senam,1
pikuk,1
hiruk,1
percik,1
genggam,1
otot,1
cina,1
ring,1
tinju,1
gelanggang,1
ditandatangani,1
dolar,1
hajiumrah,1
kejam,1
steril,1
normatif,1
lang,1
zona,1
indonesiasebuah,1
adidaya,1
lirik,1
bisik,1
tepuk,1
toleh,1
panggungdan,1
tepi,1
kosong,1
jaket,1
semat,1
bisri,1
melek,1
seleksi,1
kekurangcermatan,1
latar,1
cermat,1
tulisnnya,1
idiolog,1
corner,1
moderation,1
drama,1
bab,1
padam,1
spotlight,1
tunduk,1
lampu,1
keronjang,1
takraw,1
tafisa,1
keikutsertaan,1
hygiene,1
school,1
london,1
genosida,1
sadis,1
natanyahu,1
nentanyahu,1
diposting,1
haus,1
dalih,1
katib,1
rembang,1
komite,1
thoha,1
bule,1
whatsapp,1
kasakkusuk,1
vulgar,1
cuat,1
alunalun,1
desember,1
yale,1
medicine,1
tropical,1
segenap,1
pushbike,1
induk,1
taung,1
titip,1
christiaan,1
redam,1
muhajir,1
afifuddin,1
cscvatau,1
values,1
civilizarional,1
shared,1
organisir,1
wikileaks,1
publikasi,1
disebutsebut,1
cakap,1
sudjiatmoko,1
andun,1
posko,1
moratmarit,1
kapabel,1
ansor,1
gp,1
qoumas,1
yaqut,1
hindia,1
koloni,1
aceh,1
gaffar,1
purapura,1
samar,1
matamata,1
ilmuwan,1
qowimuddin,1
kelak,1
sindonews,1
election,1
primary,1
mudlarat,1
bulanbulan,1
miftahul,1
direspon,1
konferensi,1
letjen,1
bencana,1
tanggulang,1
kabupatenkota,1
rinci,1
rekonstruksi,1
rehabilitasi,1
santi,1
label,1
diberondongkantrump,1
mandani,1
menghadang,1
karir,1
fajar,1
radikal,1
social,1
truth,1
postingan,1
uganda,1
kontes,1
cuomo,1
andrew,1
tuntun,1
palestinatermasuk,1
propalestina,1
suaka,1
citymenggemakan,1
ice,1
cukai,1
bea,1
tega,1
asertif,1
pajak,1
sewa,1
progresifnyamulai,1
lunatic,1
communist,1
landa,1
syok,1
ekstremis,1
dungu,1
schumer,1
chuck,1
sanders,1
bernie,1
ocasiocortez,1
alexandria,1
implisit,1
sindir,1
kewarganegaraan,1
xenofobia,1
pancing,1
intifada,1
globalize,1
slogan,1
kulon,1
kalianyar,1
soewandhi,1
soewandhie,1
rsud,1
awat,1
isarel,1
manteri,1
lantang,1
trades,1
massa,1
halhal,1
didenaturalisasi,1
khianat,1
anut,1
versi,1
referensi,1
kaki,1
pahlavi,1
shah,1
gagah,1
tmur,1
lutut,1
tekuk,1
dialog,1
khaeini,1
khamenei,1
mehr,1
abolfazl,1
brigadir,1
agresi,1
gang,1
gencat,1
cncb,1
per,1
tegas,1
dahsyat,1
otoritas,1
leader,1
struktur,1
jurist,1
islamic,1
faqihatauguardianship,1
konsepwelayate,1
pahlevi,1
monarki,1
khomaini,1
rohullah,1
abrahim,1
alf,1
cahyadi,1
pungkasnyamdrvan,1
asumsi,1
shamkhani,1
iaea,1
atom,1
tangguh,1
alihalih,1
sikeras,1
news,1
fox,1
pukul,1
qatar,1
mediasi,1
andrianto,1
janggal,1
investigasi,1
patok,1
bekas,1
spbu,1
tepat,1
mondoroko,1
beringin,1
serampang,1
irna,1
cahaya,1
pelita,1
pedih,1
kenyam,1
saudara,1
segansegan,1
yustitia,1
muspika,1
komersial,1
sengketa,1
klarifikasi,1
siur,1
simpang,1
liar,1
roshi,1
bu,1
dlh,1
sekdaprov,1
wagub,1
istifhama,1
puing,1
asar,1
suruh,1
tukang,1
bolos,1
beri,1
selip,1
milu,1
temanteman,1
alkhoziny,1
cahyonodadvan,1
indrotito,1
kra,1
pihakpihak,1
khyo,1
ashar,1
panji,1
tomac,1
sasis,1
perangkatfoldableini,1
sanding,1
editorbloombergmark,1
buletin,1
ramal,1
embus,1
kencang,1
copot,1
gigi,1
keponakan,1
siwalan,1
tiktok,1
live,1
effendi,1
diagonal,1
eksternal,1
gores,1
shieldnya,1
ceramic,1
bengkok,1
body,1
perangkatfoldableyang,1
durabilitas,1
kuo,1
mingchi,1
z,1
samsung,1
pixel,1
google,1
kompetitor,1
ai,1
ammar,1
naufal,1
banjir,1
itubattery,1
drastis,1
karenabattery,1
device,1
boros,1
usd,1
fantastis,1
banderol,1
musim,1
series,1
foxconn,1
india,1
ismawan,1
healthagar,1
menjagabattery,1
pilihbattery,1
pilihbatterybaterai,1
menusettingpengaturan,1
kondisibattery,1
optimal,1
memberitahukan,1
yaknibattery,1
gampanganya,1
awam,1
khusunya,1
terkaitbattery,1
alangkah,1
isnan,1
lepascasesaat,1
mengaturinputdanoutputuntuk,1
fungsi,1
dayadevicedi,1
powerbank,1
kamera,1
menggunaka,1
resistantnya,1
termasuksealpelindungwater,1
drophabis,1
bisa,1
tips,1
masduki,1
pfi,1
warta,1
prompt,1
kambing,1
terna,1
lele,1
melon,1
kebun,1
piagam,1
kiprah,1
bersilaturrahmi,1
komprehensif,1
rohman,1
fatkhur,1
optimization,1
engine,1
search,1
interaksi,1
andika,1
muh,1
ir,1
pedoman,1
ritual,1
cerabut,1
sejahtera,1
yakin,1
anew,1
world,1
build,1
kawulo,1
manunggaling,1
persada,1
wates,1
rld,1
literasi,1
